ciudad,num_ventas,importe_total,importe_medio
Jerez,100,19980.960000000006,199.80960000000007
Algeciras,100,15007.319999999992,150.07319999999993
Cadiz,100,12002.509999999998,120.02509999999998
